{
    "loss": [
        0.08717713505029678,
        0.08041442930698395,
        0.062146998941898346,
        0.05553663894534111,
        0.04781174659729004,
        0.0413653664290905,
        0.037081971764564514,
        0.03382432460784912,
        0.03142658621072769,
        0.029468068853020668,
        0.027863390743732452,
        0.026451505720615387,
        0.025399159640073776,
        0.024348706007003784,
        0.023480938747525215,
        0.02273925393819809
    ],
    "pxl_mae": [
        19.527080535888672,
        18.01251792907715,
        13.920755386352539,
        12.439896583557129,
        10.710104942321777,
        9.265925407409668,
        8.3059663772583,
        7.576692581176758,
        7.039153575897217,
        6.600872039794922,
        6.2414093017578125,
        5.9251508712768555,
        5.689429759979248,
        5.454257965087891,
        5.259726524353027,
        5.0935378074646
    ],
    "val_loss": [
        0.08057424426078796,
        0.06602144241333008,
        0.05910680443048477,
        0.05260879918932915,
        0.04405820369720459,
        0.0401410236954689,
        0.03623151779174805,
        0.03407715633511543,
        0.032663118094205856,
        0.032087113708257675,
        0.03143564239144325,
        0.031091319397091866,
        0.029787929728627205,
        0.029708288609981537,
        0.029682744294404984,
        0.029259487986564636
    ],
    "val_pxl_mae": [
        18.04648208618164,
        14.786469459533691,
        13.235557556152344,
        11.78328800201416,
        9.86868667602539,
        8.991670608520508,
        8.114270210266113,
        7.63442850112915,
        7.318490982055664,
        7.192951679229736,
        7.043247222900391,
        6.963224411010742,
        6.670967102050781,
        6.656839847564697,
        6.648882865905762,
        6.555614948272705
    ]
}