{
    "loss": [
        0.08695212006568909,
        0.07866279780864716,
        0.06067904457449913,
        0.052961912006139755,
        0.045017194002866745,
        0.03902527689933777,
        0.03481591120362282,
        0.03172715753316879,
        0.029355760663747787,
        0.02724500745534897,
        0.02562434785068035,
        0.02419985644519329,
        0.02283433824777603,
        0.021922266110777855,
        0.0209371168166399,
        0.020130062475800514
    ],
    "pxl_mae": [
        19.47732925415039,
        17.619277954101562,
        13.591545104980469,
        11.863123893737793,
        10.083697319030762,
        8.741412162780762,
        7.798503398895264,
        7.107015132904053,
        6.5753278732299805,
        6.102898120880127,
        5.739631175994873,
        5.420933723449707,
        5.114861965179443,
        4.910571575164795,
        4.689805507659912,
        4.509151935577393
    ],
    "val_loss": [
        0.08347219228744507,
        0.0633467584848404,
        0.05758175998926163,
        0.051194868981838226,
        0.04316629841923714,
        0.03884217143058777,
        0.03554964065551758,
        0.033162739127874374,
        0.03228325396776199,
        0.030304623767733574,
        0.029073359444737434,
        0.028901375830173492,
        0.02808961272239685,
        0.027828149497509003,
        0.0272231325507164,
        0.02693285048007965
    ],
    "val_pxl_mae": [
        18.699548721313477,
        14.189321517944336,
        12.895343780517578,
        11.462130546569824,
        9.668513298034668,
        8.702503204345703,
        7.964300632476807,
        7.426373481750488,
        7.233129978179932,
        6.78570556640625,
        6.512266635894775,
        6.472599983215332,
        6.289918899536133,
        6.235470771789551,
        6.095713138580322,
        6.033450126647949
    ]
}