{
    "loss": [
        0.0872475728392601,
        0.0814007893204689,
        0.08118642866611481,
        0.0691877081990242,
        0.056987278163433075,
        0.049316056072711945,
        0.04341435059905052,
        0.03899839520454407,
        0.035991277545690536,
        0.03351079300045967,
        0.03167827054858208,
        0.030044646933674812
    ],
    "pxl_mae": [
        19.543188095092773,
        18.233448028564453,
        18.18610191345215,
        15.497514724731445,
        12.764864921569824,
        11.046507835388184,
        9.724867820739746,
        8.735881805419922,
        8.061877250671387,
        7.506482124328613,
        7.0956902503967285,
        6.729888916015625
    ],
    "val_loss": [
        0.08047492802143097,
        0.0804985836148262,
        0.08081631362438202,
        0.06167726591229439,
        0.05485672503709793,
        0.04825418069958687,
        0.04240303486585617,
        0.03832713142037392,
        0.03658154979348183,
        0.03451721742749214,
        0.034009356051683426,
        0.03288296237587929
    ],
    "val_pxl_mae": [
        18.026906967163086,
        18.02960777282715,
        18.10189437866211,
        13.816048622131348,
        12.28974437713623,
        10.806255340576172,
        9.4971342086792,
        8.58753776550293,
        8.190573692321777,
        7.733327865600586,
        7.620129108428955,
        7.365713596343994
    ]
}