{
    "loss": [
        0.0742170512676239,
        0.054947350174188614,
        0.04635165259242058,
        0.04056258872151375,
        0.03652796521782875,
        0.03359903767704964,
        0.031160686165094376,
        0.029280012473464012,
        0.02762163057923317,
        0.026176808401942253,
        0.024831365793943405,
        0.023791873827576637
    ],
    "pxl_mae": [
        16.623794555664062,
        12.307878494262695,
        10.382834434509277,
        9.085939407348633,
        8.182591438293457,
        7.52664852142334,
        6.980047702789307,
        6.558752536773682,
        6.1875715255737305,
        5.8633952140808105,
        5.562280178070068,
        5.329206466674805
    ],
    "val_loss": [
        0.06277942657470703,
        0.05802731588482857,
        0.05692719295620918,
        0.043419722467660904,
        0.042411625385284424,
        0.04073464125394821,
        0.03842000663280487,
        0.03638913482427597,
        0.03836778551340103,
        0.03529190272092819,
        0.03420047461986542,
        0.03495447710156441
    ],
    "val_pxl_mae": [
        14.061447143554688,
        12.99764347076416,
        12.74814224243164,
        9.725234031677246,
        9.500005722045898,
        9.123527526855469,
        8.608529090881348,
        8.153729438781738,
        8.592464447021484,
        7.906829357147217,
        7.659590721130371,
        7.83140230178833
    ]
}