{
    "loss": [
        0.08933611214160919,
        0.07184188812971115,
        0.0608028769493103,
        0.058231934905052185,
        0.05490754917263985,
        0.050631895661354065,
        0.04684537276625633,
        0.043397679924964905,
        0.0401311032474041,
        0.03714878484606743,
        0.03464176505804062,
        0.03235939145088196,
        0.030410947278141975,
        0.028557278215885162,
        0.026899375021457672,
        0.025453336536884308,
        0.02407979406416416,
        0.02276740036904812,
        0.02165650762617588,
        0.02049454301595688,
        0.019546007737517357,
        0.018657587468624115
    ],
    "pxl_mae": [
        20.010927200317383,
        16.092029571533203,
        13.620152473449707,
        13.043946266174316,
        12.299742698669434,
        11.341207504272461,
        10.493072509765625,
        9.721266746520996,
        8.98926067352295,
        8.321127891540527,
        7.759849548339844,
        7.248928546905518,
        6.812277793884277,
        6.396953582763672,
        6.025793552398682,
        5.701551914215088,
        5.394041061401367,
        5.099886417388916,
        4.851093769073486,
        4.590871334075928,
        4.378421783447266,
        4.179385662078857
    ],
    "val_loss": [
        0.08106610924005508,
        0.06203657016158104,
        0.05995721369981766,
        0.05705108866095543,
        0.05372866988182068,
        0.049005214124917984,
        0.04685625806450844,
        0.04347296059131622,
        0.03965776786208153,
        0.038413695991039276,
        0.03809109330177307,
        0.03428554907441139,
        0.033194806426763535,
        0.03196229040622711,
        0.03078843653202057,
        0.03028038889169693,
        0.029636243358254433,
        0.02975250594317913,
        0.02814297564327717,
        0.028339046984910965,
        0.02879713475704193,
        0.027721472084522247
    ],
    "val_pxl_mae": [
        18.15907859802246,
        13.897850036621094,
        13.430204391479492,
        12.780340194702148,
        12.040165901184082,
        10.979753494262695,
        10.497718811035156,
        9.739327430725098,
        8.881343841552734,
        8.605058670043945,
        8.531532287597656,
        7.678121566772461,
        7.434377670288086,
        7.160414695739746,
        6.896902561187744,
        6.784310340881348,
        6.638821601867676,
        6.662659168243408,
        6.304283618927002,
        6.347026348114014,
        6.451954364776611,
        6.208625793457031
    ]
}