{
    "loss": [
        0.0850057378411293,
        0.06260610371828079,
        0.05757249519228935,
        0.05162756145000458,
        0.04698335379362106,
        0.042384084314107895,
        0.03898866847157478,
        0.036133408546447754,
        0.03365151211619377,
        0.031759750097990036,
        0.029982861131429672,
        0.028363024815917015,
        0.027050530537962914,
        0.025876441970467567,
        0.024834999814629555,
        0.02383580058813095
    ],
    "pxl_mae": [
        19.03965187072754,
        14.023326873779297,
        12.896016120910645,
        11.564314842224121,
        10.52426815032959,
        9.494086265563965,
        8.733206748962402,
        8.093860626220703,
        7.538230895996094,
        7.1141533851623535,
        6.716209888458252,
        6.35349178314209,
        6.059338569641113,
        5.796407699584961,
        5.562961578369141,
        5.339319229125977
    ],
    "val_loss": [
        0.06673865020275116,
        0.061094868928194046,
        0.05827605724334717,
        0.05420318990945816,
        0.04650488868355751,
        0.043473128229379654,
        0.04330988973379135,
        0.039098989218473434,
        0.03743506222963333,
        0.035838548094034195,
        0.03372568637132645,
        0.03322121128439903,
        0.033913951367139816,
        0.0314667783677578,
        0.031273603439331055,
        0.03113378956913948
    ],
    "val_pxl_mae": [
        14.945322036743164,
        13.685749053955078,
        13.051268577575684,
        12.1398344039917,
        10.416796684265137,
        9.736724853515625,
        9.703692436218262,
        8.754213333129883,
        8.386582374572754,
        8.02861213684082,
        7.553110599517822,
        7.441059112548828,
        7.595003128051758,
        7.052014350891113,
        7.00468111038208,
        6.975381374359131
    ]
}